Primer Name,Sequence,Ta (°C),Total Bands,Polymorphic Bands,% Polymorphism,Mean PIC,MI
UBC807,(AG)8T,52,7,5,71.4,0.29,1.44
UBC814,(CT)8A,52,7,6,85.7,0.34,2.04
UBC836,(AG)8YA,52,9,8,88.9,0.34,2.72
UBC860,(TG)8RA,52,10,9,90.0,0.32,2.88
HB11,(GT)6CC,52,9,8,88.9,0.34,2.72
UBC808,(AG)8C,52,10,8,80.0,0.31,2.48
844A,(CT)8AC,52,6,5,83.3,0.35,1.75
UBC835,(AG)8YC,52,5,5,100.0,0.33,1.65
17899A,(CA)6AG,52,6,6,100.0,0.35,2.1
17899B,(CA)6GG,52,7,7,100.0,0.36,2.52
UBC848,(CA)8RG,52,6,6,100.0,0.36,2.16
UBC842,(GA)8GY,52,6,6,100.0,0.34,2.04
